topic;english;hungarian;emoji
Állatok;dog;kutya;🐶
Állatok;cat;macska;🐱
Állatok;bird;madár;🐦
Állatok;fish;hal;🐟
Állatok;horse;ló;🐴
Állatok;cow;tehén;🐮
Állatok;pig;disznó;🐷
Állatok;rabbit;nyúl;🐰
Állatok;mouse;egér;🐭
Állatok;duck;kacsa;🦆
Állatok;sheep;juh;🐑
Állatok;frog;béka;🐸
Állatok;elephant;elefánt;🐘
Állatok;lion;oroszlán;🦁
Állatok;monkey;majom;🐵
Állatok;bear;medve;🐻
Színek;red;piros;color:#e53935
Színek;blue;kék;color:#1e88e5
Színek;green;zöld;color:#43a047
Színek;yellow;sárga;color:#fdd835
Színek;orange;narancssárga;color:#fb8c00
Színek;pink;rózsaszín;color:#ff7eb6
Színek;purple;lila;color:#8e44ad
Színek;black;fekete;color:#212121
Színek;white;fehér;color:#ffffff
Színek;brown;barna;color:#795548
Színek;grey|gray;szürke;color:#9e9e9e
Számok;one;egy;1️⃣
Számok;two;kettő;2️⃣
Számok;three;három;3️⃣
Számok;four;négy;4️⃣
Számok;five;öt;5️⃣
Számok;six;hat;6️⃣
Számok;seven;hét;7️⃣
Számok;eight;nyolc;8️⃣
Számok;nine;kilenc;9️⃣
Számok;ten;tíz;🔟
Család;mother|mum|mom;anya;👩
Család;father|dad;apa;👨
Család;brother;fiútestvér;👦
Család;sister;lánytestvér;👧
Család;grandmother|grandma;nagymama;👵
Család;grandfather|grandpa;nagypapa;👴
Család;baby;baba;👶
Család;friend;barát;👫
Család;family;család;👨‍👩‍👧‍👦
Ételek;apple;alma;🍎
Ételek;banana;banán;🍌
Ételek;strawberry;eper;🍓
Ételek;grapes;szőlő;🍇
Ételek;bread;kenyér;🍞
Ételek;cheese;sajt;🧀
Ételek;milk;tej;🥛
Ételek;egg;tojás;🥚
Ételek;pizza;pizza;🍕
Ételek;cake;torta;🍰
Ételek;ice cream;fagylalt;🍦
Ételek;water;víz;💧
Ételek;chocolate;csokoládé;🍫
Iskola;book;könyv;📖
Iskola;pencil;ceruza;✏️
Iskola;pen;toll;🖊️
Iskola;bag;táska;🎒
Iskola;school;iskola;🏫
Iskola;teacher;tanár;👩‍🏫
Iskola;ruler;vonalzó;📏
Iskola;scissors;olló;✂️
Iskola;computer;számítógép;💻
Otthon;house;ház;🏠
Otthon;door;ajtó;🚪
Otthon;window;ablak;🪟
Otthon;bed;ágy;🛏️
Otthon;chair;szék;🪑
Otthon;sofa;kanapé;🛋️
Otthon;key;kulcs;🔑
Otthon;TV|television;tévé;📺
Otthon;clock;óra;🕐
Otthon;phone;telefon;📱
Testrészek;eye;szem;👁️
Testrészek;ear;fül;👂
Testrészek;nose;orr;👃
Testrészek;mouth;száj;👄
Testrészek;hand;kéz;✋
Testrészek;foot;lábfej;🦶
Testrészek;tooth;fog;🦷
Testrészek;heart;szív;❤️
Testrészek;tongue;nyelv;👅
Természet;sun;nap;☀️
Természet;moon;hold;🌙
Természet;star;csillag;⭐
Természet;cloud;felhő;☁️
Természet;rain;eső;🌧️
Természet;snow;hó;❄️
Természet;wind;szél;💨
Természet;tree;fa;🌳
Természet;flower;virág;🌸
Természet;rainbow;szivárvány;🌈
Érzések;happy;boldog;😀
Érzések;sad;szomorú;😢
Érzések;angry;mérges;😠
Érzések;tired;fáradt;😴
Érzések;scared;ijedt;😱
Érzések;hot;meleg;🥵
Érzések;cold;hideg;🥶
Érzések;hungry;éhes;🤤
Szia!;hello|hi;szia;👋
Szia!;yes;igen;✅
Szia!;no;nem;❌
Szia!;thank you|thanks;köszönöm;🙏
Szia!;please;kérem;🥺
Szia!;sorry;bocsánat;😔
